AJ_Cook/AJ_Cook_0001.jpg,Marsha_Thomason/Marsha_Thomason_0001.jpg
Aaron_Sorkin/Aaron_Sorkin_0002.jpg,Frank_Solich/Frank_Solich_0005.jpg
Abdel_Nasser_Assidi/Abdel_Nasser_Assidi_0002.jpg,Hilary_McKay/Hilary_McKay_0001.jpg
Abdoulaye_Wade/Abdoulaye_Wade_0004.jpg,Linda_Dano/Linda_Dano_0001.jpg
Abdul_Rahman/Abdul_Rahman_0001.jpg,Magui_Serna/Magui_Serna_0001.jpg
Abdullah/Abdullah_0001.jpg,Dwain_Kyles/Dwain_Kyles_0001.jpg
Abdullah_Nasseef/Abdullah_Nasseef_0001.jpg,Hipolito_Mejia/Hipolito_Mejia_0003.jpg
Abel_Pacheco/Abel_Pacheco_0001.jpg,Matt_Roney/Matt_Roney_0001.jpg
Abel_Pacheco/Abel_Pacheco_0004.jpg,Lucio_Stanca/Lucio_Stanca_0001.jpg
Abner_Martinez/Abner_Martinez_0001.jpg,Aidan_Quinn/Aidan_Quinn_0001.jpg
Abner_Martinez/Abner_Martinez_0001.jpg,Andre_Techine/Andre_Techine_0001.jpg
Aby_Har-Even/Aby_Har-Even_0001.jpg,Ricardo_Lopez_Murphy/Ricardo_Lopez_Murphy_0002.jpg
Adisai_Bodharamik/Adisai_Bodharamik_0001.jpg,Jesper_Parnevik/Jesper_Parnevik_0001.jpg
Adisai_Bodharamik/Adisai_Bodharamik_0001.jpg,Mel_Brooks/Mel_Brooks_0002.jpg
Adolfo_Aguilar_Zinser/Adolfo_Aguilar_Zinser_0002.jpg,Ian_Wilmut/Ian_Wilmut_0001.jpg
Adolfo_Aguilar_Zinser/Adolfo_Aguilar_Zinser_0003.jpg,Soon_Yi/Soon_Yi_0001.jpg
Adolfo_Rodriguez_Saa/Adolfo_Rodriguez_Saa_0001.jpg,Catherine_Deneuve/Catherine_Deneuve_0002.jpg
Adrian_Nastase/Adrian_Nastase_0002.jpg,Ham_Pong-sil/Ham_Pong-sil_0001.jpg
Afton_Smith/Afton_Smith_0001.jpg,Marcos_Cafu/Marcos_Cafu_0001.jpg
Afton_Smith/Afton_Smith_0001.jpg,Mario_Lobo_Zagallo/Mario_Lobo_Zagallo_0001.jpg
Ahmed_Ahmed/Ahmed_Ahmed_0001.jpg,David_Canary/David_Canary_0001.jpg
Ahmed_Chalabi/Ahmed_Chalabi_0001.jpg,Gian_Marco/Gian_Marco_0003.jpg
Ahmed_Ibrahim_Bilal/Ahmed_Ibrahim_Bilal_0001.jpg,Audrey_Lacroix/Audrey_Lacroix_0001.jpg
Ahmed_Ibrahim_Bilal/Ahmed_Ibrahim_Bilal_0001.jpg,Eric_Christian_Olsen/Eric_Christian_Olsen_0001.jpg
Ahmed_Ibrahim_Bilal/Ahmed_Ibrahim_Bilal_0001.jpg,Paul_Wilson/Paul_Wilson_0001.jpg
Ahmed_Ibrahim_Bilal/Ahmed_Ibrahim_Bilal_0001.jpg,Rolf_Zimmermann/Rolf_Zimmermann_0001.jpg
Ahmed_Lopez/Ahmed_Lopez_0001.jpg,Ray_Morrough/Ray_Morrough_0001.jpg
Ahmet_Demir/Ahmet_Demir_0001.jpg,Karen_Lynn_Gorney/Karen_Lynn_Gorney_0001.jpg
Ainsworth_Dyer/Ainsworth_Dyer_0001.jpg,Mary_Sue_Coleman/Mary_Sue_Coleman_0001.jpg
Aishwarya_Rai/Aishwarya_Rai_0001.jpg,Lorne_Michaels/Lorne_Michaels_0001.jpg
Aiysha_Smith/Aiysha_Smith_0001.jpg,Elijan_Ingram/Elijan_Ingram_0001.jpg
Akbar_Al_Baker/Akbar_Al_Baker_0001.jpg,Louisa_Baileche/Louisa_Baileche_0001.jpg
Akmal_Taher/Akmal_Taher_0001.jpg,Deena_Burnett/Deena_Burnett_0001.jpg
Al_Gore/Al_Gore_0006.jpg,Jeff_Weaver/Jeff_Weaver_0001.jpg
Alain_Ducasse/Alain_Ducasse_0001.jpg,Flavia_Delaroli/Flavia_Delaroli_0001.jpg
Alan_Jackson/Alan_Jackson_0001.jpg,Geoff_Dixon/Geoff_Dixon_0001.jpg
Alan_Jackson/Alan_Jackson_0001.jpg,Peter_Albertsen/Peter_Albertsen_0001.jpg
Alan_Trammell/Alan_Trammell_0001.jpg,Lin_Yung_Hsi/Lin_Yung_Hsi_0001.jpg
Albert_Brooks/Albert_Brooks_0001.jpg,Alexander_Downer/Alexander_Downer_0001.jpg
Albert_Brooks/Albert_Brooks_0001.jpg,Jim_Hendry/Jim_Hendry_0001.jpg
Alberto_Acosta/Alberto_Acosta_0001.jpg,Manuel_Rosendo/Manuel_Rosendo_0001.jpg
Alberto_Gonzales/Alberto_Gonzales_0001.jpg,Li_Changchun/Li_Changchun_0001.jpg
Alberto_Gonzales/Alberto_Gonzales_0001.jpg,Tina_Pisnik/Tina_Pisnik_0001.jpg
Aldo_Paredes/Aldo_Paredes_0001.jpg,Azmi_Bishara/Azmi_Bishara_0001.jpg
Alec_Baldwin/Alec_Baldwin_0003.jpg,Guy_Ritchie/Guy_Ritchie_0001.jpg
Alec_Baldwin/Alec_Baldwin_0003.jpg,Molly_Sims/Molly_Sims_0001.jpg
Alejandro_Lembo/Alejandro_Lembo_0001.jpg,Azmi_Bishara/Azmi_Bishara_0001.jpg
Alejandro_Lopez/Alejandro_Lopez_0001.jpg,Urmila_Matondkar/Urmila_Matondkar_0001.jpg
Alejandro_Toledo/Alejandro_Toledo_0024.jpg,Dianne_Feinstein/Dianne_Feinstein_0002.jpg
Alex_Holmes/Alex_Holmes_0001.jpg,Muhammad_Ibrahim_Bilal/Muhammad_Ibrahim_Bilal_0001.jpg
